{"500k": {"var": 45.503202291591016, "count": 6861, "mean": 1.2684739833843464}, "100k": {"var": 45.65851433899491, "count": 6918, "mean": 1.270020237062735}, "experimentname": "agent_vs_challenge"}